{"cameraMode":{"drawMode":0,"name":"Shaded","section":"Shading Mode"},"sceneLighting":true,"audioPlay":false,"sceneViewState":{"m_AlwaysRefresh":false,"showFog":true,"showSkybox":true,"showFlares":true,"showImageEffects":true,"showParticleSystems":true,"showVisualEffectGraphs":true,"m_FxEnabled":true},"in2DMode":false,"pivot":{"x":-0.8359603881835938,"y":1.420284628868103,"z":-1.7421245574951172},"rotation":{"x":0.13598224520683289,"y":-0.21659019589424134,"z":0.03047928959131241,"w":0.9662747383117676},"size":0.2249474823474884,"orthographic":false}