{"cameraMode":{"drawMode":0,"name":"Shaded","section":"Shading Mode"},"sceneLighting":true,"audioPlay":false,"sceneViewState":{"m_AlwaysRefresh":false,"showFog":true,"showSkybox":true,"showFlares":true,"showImageEffects":true,"showParticleSystems":true,"showVisualEffectGraphs":true,"m_FxEnabled":true},"in2DMode":false,"pivot":{"x":7.491297721862793,"y":-4.627274990081787,"z":10.170730590820313},"rotation":{"x":0.16784335672855378,"y":0.17253011465072633,"z":-0.029847897589206697,"w":0.9701620936393738},"size":14.091835021972657,"orthographic":false}