{"cameraMode":{"drawMode":0,"name":"Shaded","section":"Shading Mode"},"sceneLighting":true,"audioPlay":false,"sceneViewState":{"m_AlwaysRefresh":false,"showFog":true,"showSkybox":true,"showFlares":true,"showImageEffects":true,"showParticleSystems":true,"showVisualEffectGraphs":true,"m_FxEnabled":true},"in2DMode":false,"pivot":{"x":-0.8702389001846314,"y":2.138197183609009,"z":-3.9223198890686037},"rotation":{"x":0.007664107251912355,"y":0.9920616745948792,"z":0.07623099535703659,"w":-0.09973768144845963},"size":2.013643741607666,"orthographic":false}