{"cameraMode":{"drawMode":0,"name":"Shaded","section":"Shading Mode"},"sceneLighting":true,"audioPlay":false,"sceneViewState":{"m_AlwaysRefresh":false,"showFog":true,"showSkybox":true,"showFlares":true,"showImageEffects":true,"showParticleSystems":true,"showVisualEffectGraphs":true,"m_FxEnabled":true},"in2DMode":false,"pivot":{"x":-32.900489807128909,"y":-6.119591236114502,"z":-28.64203453063965},"rotation":{"x":0.041865572333335879,"y":-0.8906751275062561,"z":0.08379819244146347,"w":0.44494083523750307},"size":20.841611862182618,"orthographic":false}