{"cameraMode":{"drawMode":0,"name":"Shaded","section":"Shading Mode"},"sceneLighting":true,"audioPlay":false,"sceneViewState":{"m_AlwaysRefresh":false,"showFog":true,"showSkybox":true,"showFlares":true,"showImageEffects":true,"showParticleSystems":true,"showVisualEffectGraphs":true,"m_FxEnabled":true},"in2DMode":false,"pivot":{"x":-10.575556755065918,"y":2.2999985218048097,"z":-25.138031005859376},"rotation":{"x":-0.000084290535596665,"y":0.9948405027389526,"z":-0.0008049833704717457,"w":-0.10171058773994446},"size":20.841611862182618,"orthographic":false}